{"is_source_file": false, "format": "", "description": "", "external_files": [], "external_methods": [], "published": [], "classes": [], "methods": [], "calls": [], "search-terms": [], "state": 2, "file_id": 1, "knowledge_revision": 20, "git_revision": "bfde3d42f4c3d98d73ded3c7073b1f6a8b251e69", "hash": "b61775d39a650773043d2e98784ca341", "format-version": 4, "code-base-name": "tic_tac_toe_frontend", "filename": "README.md", "revision_history": [{"20": "bfde3d42f4c3d98d73ded3c7073b1f6a8b251e69"}]}