{"is_source_file": false, "format": "", "description": "", "external_files": [], "external_methods": [], "published": [], "classes": [], "methods": [], "calls": [], "search-terms": ["index.css", "CSS styling", "styles", "frontend", "tic_tac_toe_frontend"], "state": 2, "file_id": 10, "knowledge_revision": 28, "git_revision": "7441408d052016f309858b7f771604a176990e82", "hash": "e710968b6df09a7ee04214c21a98d5d9", "format-version": 4, "code-base-name": "tic_tac_toe_frontend", "filename": "tic_tac_toe_frontend/src/index.css", "revision_history": [{"28": "7441408d052016f309858b7f771604a176990e82"}]}