{"is_source_file": false, "format": "", "description": "", "external_files": [], "external_methods": [], "published": [], "classes": [], "methods": [], "calls": [], "search-terms": [], "state": 2, "file_id": 4, "knowledge_revision": 30, "git_revision": "76946329a60ee7e509f3f679ebfb71e263e0aab6", "hash": "fb20f0c07d7adece0e27d937fa50fae3", "format-version": 4, "code-base-name": "tic_tac_toe_frontend", "filename": "tic_tac_toe_frontend/package.json", "revision_history": [{"30": "76946329a60ee7e509f3f679ebfb71e263e0aab6"}]}