{"is_source_file": false, "format": "", "description": "", "external_files": [], "external_methods": [], "published": [], "classes": [], "methods": [], "calls": [], "search-terms": [], "state": 2, "file_id": 11, "knowledge_revision": 16, "git_revision": "7441408d052016f309858b7f771604a176990e82", "hash": "ebece526bc2eadd78ddd787a76c56607", "format-version": 4, "code-base-name": "tic_tac_toe_frontend", "filename": "tic_tac_toe_frontend/README.md", "revision_history": [{"16": "7441408d052016f309858b7f771604a176990e82"}]}