{"is_source_file": true, "format": "JavaScript (or TypeScript) test setup file", "description": "This file configures testing utilities for the frontend project, specifically setting up custom matchers for DOM assertions using Jest.", "external_files": ["@testing-library/jest-dom"], "external_methods": ["expect(...).toHaveTextContent(...)"], "published": [], "classes": [], "methods": [], "calls": ["import '@testing-library/jest-dom'"], "search-terms": ["setupTests.js", "jest-dom", "testing-library", "custom jest matchers"], "state": 2, "file_id": 5, "knowledge_revision": 24, "git_revision": "7441408d052016f309858b7f771604a176990e82", "ctags": [], "hash": "1a77571e1a8cf36018a41bcedf60db75", "format-version": 4, "code-base-name": "tic_tac_toe_frontend", "filename": "tic_tac_toe_frontend/src/setupTests.js", "revision_history": [{"24": "7441408d052016f309858b7f771604a176990e82"}]}