{"is_source_file": true, "format": "JavaScript (React JSX)", "description": "This file is a React component implementing a Tic Tac Toe game interface. It contains game logic for determining the winner, handling user interactions, and rendering the game board with status updates and restart functionality.", "external_files": ["./App.css"], "external_methods": ["useMemo", "useState"], "published": [], "classes": [], "methods": [{"name": "calculateWinner(squares)", "description": "Calculates the winner and the winning line for a given board state.", "scope": "", "scopeKind": ""}, {"name": "isDraw(squares, winner)", "description": "Determines if the game has resulted in a draw.", "scope": "", "scopeKind": ""}, {"name": "App()", "description": "Main React component managing the game state and rendering the Tic Tac Toe interface.", "scope": "", "scopeKind": ""}, {"name": "handleSquareClick(index)", "description": "Handles user click on a game board square, updating game state accordingly.", "scope": "App", "scopeKind": "function"}, {"name": "restartGame()", "description": "Resets the game to its initial state.", "scope": "App", "scopeKind": "function"}], "calls": ["useMemo", "calculateWinner", "isDraw", "setSquares", "setXIsNext"], "search-terms": ["React Tic Tac Toe", "calculateWinner function", "game state management", "handleSquareClick", "restartGame", "useMemo React hook", "useState React hook"], "state": 2, "file_id": 7, "knowledge_revision": 26, "git_revision": "7441408d052016f309858b7f771604a176990e82", "revision_history": [{"25": "7441408d052016f309858b7f771604a176990e82"}, {"26": "7441408d052016f309858b7f771604a176990e82"}], "ctags": [{"_type": "tag", "name": "App", "path": "/home/kavia/workspace/code-generation/two-player-tic-tac-toe-323824-323833/tic_tac_toe_frontend/src/App.js", "pattern": "/^function App() {$/", "language": "JavaScript", "kind": "function", "signature": "()"}, {"_type": "tag", "name": "O", "path": "/home/kavia/workspace/code-generation/two-player-tic-tac-toe-323824-323833/tic_tac_toe_frontend/src/App.js", "pattern": "/^  O: \"O\",$/", "language": "JavaScript", "kind": "property", "scope": "PLAYERS", "scopeKind": "class"}, {"_type": "tag", "name": "PLAYERS", "path": "/home/kavia/workspace/code-generation/two-player-tic-tac-toe-323824-323833/tic_tac_toe_frontend/src/App.js", "pattern": "/^const PLAYERS = {$/", "language": "JavaScript", "kind": "class"}, {"_type": "tag", "name": "WINNING_LINES", "path": "/home/kavia/workspace/code-generation/two-player-tic-tac-toe-323824-323833/tic_tac_toe_frontend/src/App.js", "pattern": "/^const WINNING_LINES = [$/", "language": "JavaScript", "kind": "constant"}, {"_type": "tag", "name": "X", "path": "/home/kavia/workspace/code-generation/two-player-tic-tac-toe-323824-323833/tic_tac_toe_frontend/src/App.js", "pattern": "/^  X: \"X\",$/", "language": "JavaScript", "kind": "property", "scope": "PLAYERS", "scopeKind": "class"}, {"_type": "tag", "name": "calculateWinner", "path": "/home/kavia/workspace/code-generation/two-player-tic-tac-toe-323824-323833/tic_tac_toe_frontend/src/App.js", "pattern": "/^function calculateWinner(squares) {$/", "language": "JavaScript", "kind": "function", "signature": "(squares)"}, {"_type": "tag", "name": "handleSquareClick", "path": "/home/kavia/workspace/code-generation/two-player-tic-tac-toe-323824-323833/tic_tac_toe_frontend/src/App.js", "pattern": "/^  function handleSquareClick(index) {$/", "language": "JavaScript", "kind": "function", "signature": "(index)", "scope": "App", "scopeKind": "function"}, {"_type": "tag", "name": "isDraw", "path": "/home/kavia/workspace/code-generation/two-player-tic-tac-toe-323824-323833/tic_tac_toe_frontend/src/App.js", "pattern": "/^function isDraw(squares, winner) {$/", "language": "JavaScript", "kind": "function", "signature": "(squares, winner)"}, {"_type": "tag", "name": "restartGame", "path": "/home/kavia/workspace/code-generation/two-player-tic-tac-toe-323824-323833/tic_tac_toe_frontend/src/App.js", "pattern": "/^  function restartGame() {$/", "language": "JavaScript", "kind": "function", "signature": "()", "scope": "App", "scopeKind": "function"}], "hash": "f2395b24f2a4dccd1d3030d8f972fb50", "format-version": 4, "code-base-name": "tic_tac_toe_frontend", "filename": "tic_tac_toe_frontend/src/App.js", "fields": [{"name": "O: \"O\",", "scope": "PLAYERS", "scopeKind": "class", "description": "unavailable"}, {"name": "X: \"X\",", "scope": "PLAYERS", "scopeKind": "class", "description": "unavailable"}]}